{"mean":{"confidence_interval":{"confidence_level":0.95,"lower_bound":-0.046315648435572614,"upper_bound":0.029056158146167466},"point_estimate":-0.010349391329679603,"standard_error":0.019274827694038314},"median":{"confidence_interval":{"confidence_level":0.95,"lower_bound":-0.03775034306602332,"upper_bound":0.09441571665302373},"point_estimate":0.041202451208616875,"standard_error":0.03522650967115853}}