{"mean":{"confidence_interval":{"confidence_level":0.95,"lower_bound":2.6188931766674264,"upper_bound":2.824743982910181},"point_estimate":2.719212307800506,"standard_error":0.05254433978381168},"median":{"confidence_interval":{"confidence_level":0.95,"lower_bound":2.5918872360657352,"upper_bound":2.88146724222831},"point_estimate":2.735053619632505,"standard_error":0.07480270711793649}}