{"mean":{"confidence_interval":{"confidence_level":0.95,"lower_bound":-0.0530855524593639,"upper_bound":0.010655027484702869},"point_estimate":-0.021341779826609564,"standard_error":0.016254153325248516},"median":{"confidence_interval":{"confidence_level":0.95,"lower_bound":-0.08343761636460201,"upper_bound":0.0038166543471866987},"point_estimate":-0.03367406062446354,"standard_error":0.023346399773557635}}