{"mean":{"confidence_interval":{"confidence_level":0.95,"lower_bound":231988044.6,"upper_bound":237780156.92499998},"point_estimate":234869540.0,"standard_error":1481180.8070565618},"median":{"confidence_interval":{"confidence_level":0.95,"lower_bound":229040750.0,"upper_bound":238840700.0},"point_estimate":233705950.0,"standard_error":2337360.863324313},"median_abs_dev":{"confidence_interval":{"confidence_level":0.95,"lower_bound":12393349.69997406,"upper_bound":18687082.957237955},"point_estimate":15864486.888349056,"standard_error":1634033.8012430822},"slope":null,"std_dev":{"confidence_interval":{"confidence_level":0.95,"lower_bound":12857276.990022212,"upper_bound":16692921.523515297},"point_estimate":14886511.219743717,"standard_error":979414.2831669588}}