{"mean":{"confidence_interval":{"confidence_level":0.95,"lower_bound":30172265.7875,"upper_bound":31421109.8375},"point_estimate":30792040.5,"standard_error":317905.4558102373},"median":{"confidence_interval":{"confidence_level":0.95,"lower_bound":29582700.0,"upper_bound":31779350.0},"point_estimate":31029525.0,"standard_error":530061.1248808702},"median_abs_dev":{"confidence_interval":{"confidence_level":0.95,"lower_bound":2757784.211039543,"upper_bound":4617965.333014727},"point_estimate":3902129.000723362,"standard_error":475147.22634667},"slope":null,"std_dev":{"confidence_interval":{"confidence_level":0.95,"lower_bound":2762249.27865524,"upper_bound":3599787.5311397566},"point_estimate":3187053.5628475626,"standard_error":214254.14858000982}}