{"mean":{"confidence_interval":{"confidence_level":0.95,"lower_bound":176169211.05,"upper_bound":180687077.75},"point_estimate":178414488.0,"standard_error":1150423.3345647673},"median":{"confidence_interval":{"confidence_level":0.95,"lower_bound":174758200.0,"upper_bound":180970000.0},"point_estimate":178179900.0,"standard_error":1768261.7209363782},"median_abs_dev":{"confidence_interval":{"confidence_level":0.95,"lower_bound":9136077.5578022,"upper_bound":14119021.939337254},"point_estimate":11994307.917058468,"standard_error":1270126.4917669976},"slope":null,"std_dev":{"confidence_interval":{"confidence_level":0.95,"lower_bound":9914719.7040495,"upper_bound":13017483.361854417},"point_estimate":11552096.992717274,"standard_error":792455.5337655229}}