{"mean":{"confidence_interval":{"confidence_level":0.95,"lower_bound":116988754.8,"upper_bound":121025873.75},"point_estimate":118983199.0,"standard_error":1027373.1922071408},"median":{"confidence_interval":{"confidence_level":0.95,"lower_bound":115598800.0,"upper_bound":121886600.0},"point_estimate":118722800.0,"standard_error":1636895.7275780372},"median_abs_dev":{"confidence_interval":{"confidence_level":0.95,"lower_bound":8322574.952244759,"upper_bound":13367566.14267826},"point_estimate":10361520.566046238,"standard_error":1311476.2073362607},"slope":null,"std_dev":{"confidence_interval":{"confidence_level":0.95,"lower_bound":8765228.902781662,"upper_bound":11918632.826807937},"point_estimate":10321534.248224514,"standard_error":812758.1987848841}}