{"mean":{"confidence_interval":{"confidence_level":0.95,"lower_bound":-0.05050122857280062,"upper_bound":0.02266106485885848},"point_estimate":-0.015574738350821238,"standard_error":0.018618908570407513},"median":{"confidence_interval":{"confidence_level":0.95,"lower_bound":-0.08632143524277747,"upper_bound":0.04589932217546333},"point_estimate":-0.03728965371686832,"standard_error":0.03472722712258967}}