{"mean":{"confidence_interval":{"confidence_level":0.95,"lower_bound":-0.034618269007484104,"upper_bound":0.0011025212204634179},"point_estimate":-0.016655790979272278,"standard_error":0.009086612124005529},"median":{"confidence_interval":{"confidence_level":0.95,"lower_bound":-0.05174414005307326,"upper_bound":-0.0017785189491514863},"point_estimate":-0.02609089003525067,"standard_error":0.012504174929298539}}