{"mean":{"confidence_interval":{"confidence_level":0.95,"lower_bound":65674213.575,"upper_bound":68578907.1},"point_estimate":67110651.0,"standard_error":742296.3356157049},"median":{"confidence_interval":{"confidence_level":0.95,"lower_bound":64824500.0,"upper_bound":69156400.0},"point_estimate":67545800.0,"standard_error":1160919.0323864343},"median_abs_dev":{"confidence_interval":{"confidence_level":0.95,"lower_bound":6073026.012182236,"upper_bound":9982642.142772675},"point_estimate":7751180.92238903,"standard_error":972107.3802565013},"slope":null,"std_dev":{"confidence_interval":{"confidence_level":0.95,"lower_bound":6515210.032089749,"upper_bound":8279465.601517107},"point_estimate":7451955.336112337,"standard_error":450237.4322522682}}