{"mean":{"confidence_interval":{"confidence_level":0.95,"lower_bound":2.6589680728022365,"upper_bound":2.8914946326760513},"point_estimate":2.7760068615514637,"standard_error":0.059417819961124614},"median":{"confidence_interval":{"confidence_level":0.95,"lower_bound":2.6935038599784544,"upper_bound":3.0134198333107953},"point_estimate":2.8901627788967614,"standard_error":0.08693663984170381}}