{"mean":{"confidence_interval":{"confidence_level":0.95,"lower_bound":-0.03140853367493787,"upper_bound":0.004641098574589842},"point_estimate":-0.013830550104380945,"standard_error":0.009241869608727504},"median":{"confidence_interval":{"confidence_level":0.95,"lower_bound":-0.033304065383440884,"upper_bound":0.012068716624296316},"point_estimate":-0.008438958276002828,"standard_error":0.011836485929069196}}