{"mean":{"confidence_interval":{"confidence_level":0.95,"lower_bound":-0.03464110877926986,"upper_bound":0.00924623571104592},"point_estimate":-0.013024859773748343,"standard_error":0.011284687231731233},"median":{"confidence_interval":{"confidence_level":0.95,"lower_bound":-0.04029176048021477,"upper_bound":0.026190520291170527},"point_estimate":-0.0059926213102888815,"standard_error":0.01730931477526581}}