{"mean":{"confidence_interval":{"confidence_level":0.95,"lower_bound":224275217.75,"upper_bound":231029396.175},"point_estimate":227608604.0,"standard_error":1722000.1060244257},"median":{"confidence_interval":{"confidence_level":0.95,"lower_bound":223884500.0,"upper_bound":231976150.0},"point_estimate":227887200.0,"standard_error":2200775.1218303246},"median_abs_dev":{"confidence_interval":{"confidence_level":0.95,"lower_bound":12630269.175767899,"upper_bound":22638337.90808916},"point_estimate":16812461.311519146,"standard_error":2720050.368793151},"slope":null,"std_dev":{"confidence_interval":{"confidence_level":0.95,"lower_bound":14834762.291625874,"upper_bound":19543438.91724195},"point_estimate":17291052.64824054,"standard_error":1200865.2967289442}}