{"mean":{"confidence_interval":{"confidence_level":0.95,"lower_bound":-0.005703969072051542,"upper_bound":0.05256611042233856},"point_estimate":0.022262479550785086,"standard_error":0.014968861461410807},"median":{"confidence_interval":{"confidence_level":0.95,"lower_bound":-0.038895976198126125,"upper_bound":0.04261494097939433},"point_estimate":0.0009374056919131402,"standard_error":0.021162692785452707}}