{"mean":{"confidence_interval":{"confidence_level":0.95,"lower_bound":2.454124531462616,"upper_bound":2.641281958875793},"point_estimate":2.54432510054183,"standard_error":0.047793617128517804},"median":{"confidence_interval":{"confidence_level":0.95,"lower_bound":2.4410345507162194,"upper_bound":2.649241937545988},"point_estimate":2.5156373489895,"standard_error":0.05324176062458361}}