{"mean":{"confidence_interval":{"confidence_level":0.95,"lower_bound":2.590334416442037,"upper_bound":2.8319402183800575},"point_estimate":2.7092253152306474,"standard_error":0.06203045764150583},"median":{"confidence_interval":{"confidence_level":0.95,"lower_bound":2.580809321804709,"upper_bound":2.8715922967147756},"point_estimate":2.748644881649353,"standard_error":0.06658278309124463}}