{"mean":{"confidence_interval":{"confidence_level":0.95,"lower_bound":2.420203278430061,"upper_bound":2.6814987402503365},"point_estimate":2.5483028006853043,"standard_error":0.0667201785452027},"median":{"confidence_interval":{"confidence_level":0.95,"lower_bound":2.3312966400970776,"upper_bound":2.670036082972978},"point_estimate":2.468833422317138,"standard_error":0.08423988614939369}}