{"mean":{"confidence_interval":{"confidence_level":0.95,"lower_bound":61497616.975,"upper_bound":64624424.0},"point_estimate":63029046.0,"standard_error":797613.0961514194},"median":{"confidence_interval":{"confidence_level":0.95,"lower_bound":60122700.0,"upper_bound":63674550.0},"point_estimate":62374600.0,"standard_error":987752.0141075662},"median_abs_dev":{"confidence_interval":{"confidence_level":0.95,"lower_bound":5007481.411099434,"upper_bound":8641858.416326342},"point_estimate":6776816.219687462,"standard_error":961070.1189803086},"slope":null,"std_dev":{"confidence_interval":{"confidence_level":0.95,"lower_bound":6683787.467646115,"upper_bound":9183696.897962257},"point_estimate":8018329.982065902,"standard_error":639996.1297385751}}