{"mean":{"confidence_interval":{"confidence_level":0.95,"lower_bound":-0.04186102067176673,"upper_bound":0.03552458606445903},"point_estimate":-0.0035802090051892943,"standard_error":0.01972962916349832},"median":{"confidence_interval":{"confidence_level":0.95,"lower_bound":-0.044932862074707924,"upper_bound":0.06327173229896066},"point_estimate":-0.0038984519626915626,"standard_error":0.026750901535990756}}