{"mean":{"confidence_interval":{"confidence_level":0.95,"lower_bound":0.021884091406626095,"upper_bound":0.08235059337765778},"point_estimate":0.0525634682870455,"standard_error":0.01531383684009297},"median":{"confidence_interval":{"confidence_level":0.95,"lower_bound":0.005818037911580642,"upper_bound":0.09968516134874483},"point_estimate":0.052237370224426316,"standard_error":0.023922985925389904}}