{"mean":{"confidence_interval":{"confidence_level":0.95,"lower_bound":58166517.525,"upper_bound":60753328.1},"point_estimate":59437219.0,"standard_error":658015.731727385},"median":{"confidence_interval":{"confidence_level":0.95,"lower_bound":56636750.0,"upper_bound":59735100.0},"point_estimate":57858600.0,"standard_error":735273.2697729198},"median_abs_dev":{"confidence_interval":{"confidence_level":0.95,"lower_bound":5019638.730883598,"upper_bound":8271425.253152847},"point_estimate":6413060.31614542,"standard_error":813739.061979931},"slope":null,"std_dev":{"confidence_interval":{"confidence_level":0.95,"lower_bound":5774853.423674386,"upper_bound":7300173.042727758},"point_estimate":6611845.872718514,"standard_error":389749.2736091347}}