{"mean":{"confidence_interval":{"confidence_level":0.95,"lower_bound":3597467.2865384603,"upper_bound":3779196.7249999996},"point_estimate":3686501.7692307676,"standard_error":46417.70021657937},"median":{"confidence_interval":{"confidence_level":0.95,"lower_bound":3465053.846153846,"upper_bound":3753138.4615384615},"point_estimate":3596519.230769231,"standard_error":92332.9723379619},"median_abs_dev":{"confidence_interval":{"confidence_level":0.95,"lower_bound":368140.97807957605,"upper_bound":609759.155328457},"point_estimate":485089.604464861,"standard_error":61947.675366318996},"slope":null,"std_dev":{"confidence_interval":{"confidence_level":0.95,"lower_bound":403098.86034270434,"upper_bound":521172.5749183791},"point_estimate":466223.2546751336,"standard_error":29994.83839745317}}