{"mean":{"confidence_interval":{"confidence_level":0.95,"lower_bound":12992560.325000001,"upper_bound":13628852.75625},"point_estimate":13304093.75,"standard_error":162107.4941078638},"median":{"confidence_interval":{"confidence_level":0.95,"lower_bound":12592100.0,"upper_bound":13556850.0},"point_estimate":12994250.0,"standard_error":190346.85150454575},"median_abs_dev":{"confidence_interval":{"confidence_level":0.95,"lower_bound":1409359.5349788666,"upper_bound":2170378.1014680862},"point_estimate":1805491.7154461145,"standard_error":183172.43624290865},"slope":null,"std_dev":{"confidence_interval":{"confidence_level":0.95,"lower_bound":1389647.4887210696,"upper_bound":1870891.299368477},"point_estimate":1628031.2609005335,"standard_error":124119.4215491702}}