{"mean":{"confidence_interval":{"confidence_level":0.95,"lower_bound":-0.07095756936222147,"upper_bound":-0.0020329612889789512},"point_estimate":-0.03742766686356147,"standard_error":0.017621959056825464},"median":{"confidence_interval":{"confidence_level":0.95,"lower_bound":-0.08563623698407818,"upper_bound":0.0024973251576610837},"point_estimate":-0.03671132186271775,"standard_error":0.022575185051919543}}