{"mean":{"confidence_interval":{"confidence_level":0.95,"lower_bound":111195306.6,"upper_bound":114469206.675},"point_estimate":112814341.0,"standard_error":833408.3438262361},"median":{"confidence_interval":{"confidence_level":0.95,"lower_bound":110275200.0,"upper_bound":113978750.0},"point_estimate":112310750.0,"standard_error":884373.0229995911},"median_abs_dev":{"confidence_interval":{"confidence_level":0.95,"lower_bound":6105494.951605797,"upper_bound":10189464.839100838},"point_estimate":7539910.426139832,"standard_error":1023539.2490555895},"slope":null,"std_dev":{"confidence_interval":{"confidence_level":0.95,"lower_bound":7047890.316209462,"upper_bound":9583184.780168887},"point_estimate":8378224.733538469,"standard_error":648936.7916863307}}